y_test,y_pred,Budget y
466040.70803,595089.2423766116,405351.2
