y_test,y_pred,Budget y
466040.70803,198359.1628941961,405351.2
