y_test,y_pred,Budget y
5986496.39758,5833658.0,5900014.3
3432345.61366,3346662.5,3421634.4
589693.08896,535405.8,564430.2
40737.64011,252502.97,16658.0
7736885.73527,7849807.0,7185689.9
254459.49666,257487.17,199037.3
