y_test,y_pred,Budget y
16597.0012,4000.2466,27941.0
195134.4,180327.5,169926.9
7194.3,13500.797,21188.0
46311.75959,37620.11,91697.1
959.191,13341.197,932.6
371499.4,312949.34,0.0
3414.3,12298.9375,136219.6
3935.2,1127.3818,3842.0
47136.39842,38144.35,91988.396
10732.8,13307.983,10398.7
0.0,1789.0094,907.0
24281.528,33161.74,85142.68868
69422.7,40989.11,32785.0
543.5,5486.7324,543.5
