y_test,y_pred,Budget y
16597.0012,34536.68,27941.0
195134.4,294901.62,169926.9
7194.3,280.41107,21188.0
46311.75959,-4079.8315,91697.1
959.191,-195589.31,932.6
371499.4,-372776.16,0.0
3414.3,-537827.4,136219.6
3935.2,51845.38,3842.0
47136.39842,-109077.73,91988.396
10732.8,182916.5,10398.7
0.0,89219.34,907.0
24281.528,-12393.164,85142.68868
69422.7,69934.8,32785.0
543.5,-34151.59,543.5
