Feature,Importance
Budget y+1,0.5395766
Budget y,0.21618159
Budget_Realized_Interaction,0.17215386
Acc-ID,0.03345288
Region,0.011897884
Slack,0.00877562
Realized_1yr_lag,0.008253485
Year,0.0052205753
Realized_2yr_lag,0.004487456
