{"learning_rate": 0.20304257311756888, "n_estimators": 382, "max_depth": 6, "subsample": 0.8305594115290034, "colsample_bytree": 0.6218601209256458}