{"learning_rate": 0.20159336784444565, "n_estimators": 757, "max_depth": 7, "subsample": 0.9729218951604581, "colsample_bytree": 0.473367398862088}