{"C": 6.901992404667723, "epsilon": 0.4584923746544767}