{"learning_rate": 0.2922083532510859, "colsample_bytree": 0.6352106519545627, "max_depth": 4, "alpha": 0.07125059948772683, "lambda": 3.2586835951744457e-06, "subsample": 0.8039649004987823, "n_estimators": 157}