{"learning_rate": 0.26164745834965114, "colsample_bylevel": 0.13781116582786937, "depth": 11, "boosting_type": "Plain", "l2_leaf_reg": 5.8136954267039505, "iterations": 647, "bootstrap_type": "MVS"}