{"learning_rate": 0.21297370091929205, "colsample_bylevel": 0.18510462997202248, "depth": 12, "boosting_type": "Plain", "l2_leaf_reg": 2.125954796926481, "iterations": 103, "bootstrap_type": "MVS"}