{"learning_rate": 0.18793878096934186, "colsample_bytree": 0.9913158340637883, "max_depth": 10, "alpha": 2.2562369935982252e-08, "lambda": 0.1050234607334579, "subsample": 0.5013567773688883, "n_estimators": 694}