{"learning_rate": 0.1738886084456078, "colsample_bylevel": 0.15774867321212072, "depth": 12, "boosting_type": "Plain", "l2_leaf_reg": 3.3154488047300745, "iterations": 1404, "bootstrap_type": "MVS"}