{"learning_rate": 0.057515104111926285, "colsample_bytree": 0.7400055201211173, "max_depth": 8, "alpha": 1.581453768262253e-08, "lambda": 0.032697402347520804, "subsample": 0.6237149243345521, "n_estimators": 369}