{"learning_rate": 0.21060486883104962, "colsample_bytree": 0.777251820098578, "max_depth": 3, "alpha": 3.01754785982615e-05, "lambda": 3.598124762638536e-08, "subsample": 0.9258974805389066, "n_estimators": 294}