{"learning_rate": 0.2678782761040393, "colsample_bytree": 0.9038816444335638, "max_depth": 11, "alpha": 2.3322832798927055e-06, "lambda": 1.5837268070435456e-08, "subsample": 0.847806940004477, "n_estimators": 747}