{"learning_rate": 0.2793207095682862, "colsample_bytree": 0.9903442059019713, "max_depth": 9, "alpha": 0.0019121365243130759, "lambda": 0.7398784583297274, "subsample": 0.6260936392245846, "n_estimators": 210}