{"learning_rate": 0.051689715811470346, "colsample_bytree": 0.661829151084014, "max_depth": 12, "alpha": 0.007100056541943282, "lambda": 0.03938451923058511, "subsample": 0.7106178551548704, "n_estimators": 781}