{"learning_rate": 0.39991324240754667, "colsample_bytree": 0.6171575198593581, "max_depth": 7, "alpha": 0.00021634904428604473, "lambda": 2.5822167765131176e-08, "subsample": 0.8565882560042736, "n_estimators": 210}