{"learning_rate": 0.2973260539292817, "colsample_bylevel": 0.19022720011536268, "depth": 6, "boosting_type": "Plain", "l2_leaf_reg": 9.456962067360077, "iterations": 541, "bootstrap_type": "MVS"}