{"learning_rate": 0.27319801951328304, "colsample_bytree": 0.9972020155267325, "max_depth": 5, "alpha": 0.9937648238794412, "lambda": 0.0007380881331934439, "subsample": 0.5007621762085169, "n_estimators": 766}