{"learning_rate": 0.15117127455338206, "colsample_bytree": 0.7536473650671748, "max_depth": 12, "alpha": 8.782479284931501, "lambda": 1.210734788671227e-08, "subsample": 0.707495575856821, "n_estimators": 125}