{"learning_rate": 0.2501001985283733, "colsample_bytree": 0.6235202720385173, "max_depth": 9, "alpha": 0.05971029604954428, "lambda": 1.484149137759391e-06, "subsample": 0.7856831440503732, "n_estimators": 391}