{"learning_rate": 0.2900519266642275, "colsample_bytree": 0.8842956674990529, "max_depth": 11, "alpha": 0.006644305690413848, "lambda": 2.8570515567001077e-07, "subsample": 0.7475226233557061, "n_estimators": 400}