{"learning_rate": 0.2906053761818096, "colsample_bytree": 0.5277402872689569, "max_depth": 9, "alpha": 0.0016675007407459831, "lambda": 4.19312535269784e-08, "subsample": 0.9675493267866825, "n_estimators": 358}