{"learning_rate": 0.2633749559833911, "colsample_bytree": 0.994970612424702, "max_depth": 3, "alpha": 2.044081386028378e-05, "lambda": 0.6335697122629551, "subsample": 0.8599492217431037, "n_estimators": 911}