{"learning_rate": 0.27111680267741606, "colsample_bytree": 0.8976920336761406, "max_depth": 12, "alpha": 6.541441835103289e-07, "lambda": 0.21165792294120722, "subsample": 0.8627213495031905, "n_estimators": 370}