{"learning_rate": 0.17312872853734904, "colsample_bylevel": 0.06361145146754095, "depth": 5, "boosting_type": "Ordered", "l2_leaf_reg": 2.9699845299005045, "iterations": 640, "bootstrap_type": "MVS"}