{"learning_rate": 0.24670790401956771, "colsample_bytree": 0.9999166803592736, "max_depth": 9, "alpha": 0.3828187660445611, "lambda": 0.0006716886929922441, "subsample": 0.8164757634353879, "n_estimators": 870}