{"learning_rate": 0.2995634721887602, "colsample_bytree": 0.9949076154709434, "max_depth": 6, "alpha": 7.292399723410681e-05, "lambda": 2.195031232738031e-05, "subsample": 0.9892036975210408, "n_estimators": 142}