{"learning_rate": 0.29906628223011505, "colsample_bytree": 0.5033466639864499, "max_depth": 11, "alpha": 0.14267266184902697, "lambda": 0.00033633613693908346, "subsample": 0.8527492267060945, "n_estimators": 211}