{"learning_rate": 0.25154072321968207, "colsample_bylevel": 0.13726619272614932, "depth": 4, "boosting_type": "Plain", "l2_leaf_reg": 3.1450635214237965, "iterations": 370, "bootstrap_type": "MVS"}