{"learning_rate": 0.20609010296281144, "colsample_bytree": 0.8576789768144677, "max_depth": 9, "alpha": 2.914351403702614e-05, "lambda": 0.0020248204416659747, "subsample": 0.5017529116939213, "n_estimators": 215}