{"learning_rate": 0.25552462158626166, "colsample_bytree": 0.9085032260948995, "max_depth": 7, "alpha": 0.00017927550516901977, "lambda": 4.582830047992816e-08, "subsample": 0.8582840711237821, "n_estimators": 388}