{"learning_rate": 0.28918399332839495, "colsample_bylevel": 0.15694202639055033, "depth": 9, "boosting_type": "Plain", "l2_leaf_reg": 8.116282931889046, "iterations": 985, "bootstrap_type": "MVS"}