{"learning_rate": 0.25599263277115447, "colsample_bytree": 0.7586771656774698, "max_depth": 7, "alpha": 0.0010893568745813495, "lambda": 0.23841684683165276, "subsample": 0.760037707536593, "n_estimators": 694}