{"learning_rate": 0.0903483187298607, "colsample_bytree": 0.6733344752157197, "max_depth": 5, "alpha": 0.1613989229349948, "lambda": 9.965338925670466e-05, "subsample": 0.5869100856482196, "n_estimators": 180}