{"learning_rate": 0.2823932828067486, "colsample_bytree": 0.9452719495387661, "max_depth": 7, "alpha": 0.0002575222703222717, "lambda": 0.017248083897177198, "subsample": 0.9453603754605892, "n_estimators": 424}