{"learning_rate": 0.27033889221043833, "colsample_bytree": 0.8827604108905639, "max_depth": 3, "alpha": 2.8300080305339694e-07, "lambda": 1.981506272567859e-08, "subsample": 0.8430846048361164, "n_estimators": 617}