{"learning_rate": 0.16084050932275507, "colsample_bytree": 0.7400340563172744, "max_depth": 7, "alpha": 1.0869710494114465e-06, "lambda": 1.0890172597856462e-06, "subsample": 0.9415174019531303, "n_estimators": 853}