{"learning_rate": 0.29300408830832214, "colsample_bylevel": 0.1515971241141971, "depth": 6, "boosting_type": "Plain", "l2_leaf_reg": 5.1352820216955495, "iterations": 931, "bootstrap_type": "Bernoulli", "subsample": 0.8334638972372552}