{"learning_rate": 0.25372779372189963, "colsample_bytree": 0.8351471413530868, "max_depth": 10, "alpha": 3.438304136136714e-07, "lambda": 0.00856942282379735, "subsample": 0.5247990750896239, "n_estimators": 290}