{"learning_rate": 0.2602777868757862, "colsample_bytree": 0.6038269483003418, "max_depth": 3, "alpha": 1.6268503966020989e-06, "lambda": 1.004119690058975e-07, "subsample": 0.787866469011502, "n_estimators": 175}