{"learning_rate": 0.2918494400371822, "colsample_bylevel": 0.15082264522958258, "depth": 4, "boosting_type": "Plain", "l2_leaf_reg": 1.7013625032921456, "iterations": 1091, "bootstrap_type": "MVS"}