{"learning_rate": 0.2665716942265562, "colsample_bylevel": 0.1767404859375996, "depth": 3, "boosting_type": "Plain", "l2_leaf_reg": 3.515003012882575, "iterations": 1421, "bootstrap_type": "Bernoulli", "subsample": 0.9939217323309454}