{"learning_rate": 0.25012605724902776, "colsample_bytree": 0.9649115577350397, "max_depth": 3, "alpha": 3.3293714957151934, "lambda": 0.2545939061279269, "subsample": 0.6763672134613559, "n_estimators": 503}